team,venue
AFC Bournemouth,
AFC Fylde,
AFC Wimbledon,
Abingdon United,
Actonians,
Arsenal U21,
Ascot United,
Aston Villa U21,
Barnsley Women,
Billericay Town,
Birmingham City U21,
Blackburn Rovers,
Boldmere St Michaels,
Bournemouth Sports,
Bradford City,
Bridgwater United,
Brighton & Hove Albion U21,
Bristol City U21,
Bristol Rovers,
Cambridge United,
Chatham Town,
Chelsea U21,
Cheltenham Town,
Chester Le Street Town,
Chesterfield,
Chorley,
Crystal Palace U21,
Dartford,
Derby County,
Dulwich Hamlet,
Durham Cestria,
Exeter City,
Fulham,
Gwalia United,
Halifax,
Hashtag United,
Huddersfield Town,
Hull City,
Keynsham Town,
Kidderminster Harriers,
Leafield Athletic,
Leeds United,
Leicester City U21,
Lewes,
Liverpool Feds,
Liverpool U21,
London Bees,
London City Lionesses U21,
Loughborough Lightning,
Luton Town,
Lye Town,
Maidenhead United,
Manchester City U21,
Manchester United U21,
Marine Academy Plymouth,
Middlesbrough,
Milton Keynes Dons,
Moneyfields,
Northampton Town,
Norton & Stockton Ancients,
Norwich City,
Notts County,
Oxford United,
Peterborough United,
Plymouth Argyle,
Portsmouth,
Queens Park Rangers,
Real Bedford,
Rugby Borough,
Saltdean United,
Sheffield FC,
Sheffield United U21,
Southampton U21,
Sporting Khalsa,
Stevenage,
Stockport County,
Stoke City,
Sunderland U21,
Sutton Coldfield Town,
Swindon Town,
Thornaby,
Torquay United,
Tottenham Hotspur U21,
West Bromwich Albion,
Worcester City Women,
Wycombe Wanderers,
Wythenshawe,
York City,
