competition_group,home_team,away_team,kickoff_uk
WSL,London City Lionesses,Manchester United,2026-09-04 19:00
WSL2,Watford,Burnley,2026-09-04 19:30
WSL2,Durham,Southampton,2026-09-06 12:00
WSL,Tottenham Hotspur,West Ham United,2026-09-06 12:00
WSL2,Newcastle United,Wolverhampton Wanderers,2026-09-06 14:00
WSL2,Sheffield United,Leicester City,2026-09-06 14:00
WSL2,Sunderland,Bristol City,2026-09-06 14:00
WSL2,Ipswich Town,Nottingham Forest,2026-09-06 14:00
WSL,Crystal Palace,Everton,2026-09-06 14:00
WSL,Charlton Athletic,Liverpool,2026-09-06 14:00
WSL,Manchester City,Birmingham City,2026-09-06 14:30
NWSL,Boston Legacy,Chicago Stars,2026-07-11 01:00
NWSL,Orlando Pride,Kansas City Current,2026-07-11 01:00
NWSL,Racing Louisville,Bay FC,2026-07-11 01:00
NWSL,Utah Royals,Gotham FC,2026-07-11 03:00
NWSL,North Carolina Courage,Washington Spirit,2026-07-11 23:30
NWSL,San Diego Wave,Angel City,2026-07-12 01:45
NWSL,Seattle Reign,Portland Thorns,2026-07-12 21:00
NWSL,Denver Summit,Houston Dash,2026-07-13 00:00
NWSL,Orlando Pride,Boston Legacy,2026-07-16 00:00
NWSL,Gotham FC,Washington Spirit,2026-07-16 01:00
NWSL,Kansas City Current,San Diego Wave,2026-07-18 01:00
NWSL,Gotham FC,Seattle Reign,2026-07-18 17:00
NWSL,Denver Summit,Portland Thorns,2026-07-18 19:00
NWSL,Bay FC,North Carolina Courage,2026-07-18 21:00
NWSL,Chicago Stars,Angel City,2026-07-18 23:30
NWSL,Racing Louisville,Houston Dash,2026-07-19 01:00
NWSL,Utah Royals,Orlando Pride,2026-07-19 01:45
NWSL,Boston Legacy,Washington Spirit,2026-07-20 00:00
NWSL,Houston Dash,Bay FC,2026-07-25 01:00
NWSL,Orlando Pride,Chicago Stars,2026-07-25 01:00
NWSL,Portland Thorns,Gotham FC,2026-07-25 03:00
NWSL,Boston Legacy,Kansas City Current,2026-07-25 22:00
NWSL,North Carolina Courage,Utah Royals,2026-07-26 00:45
NWSL,San Diego Wave,Seattle Reign,2026-07-26 22:00
NWSL,Washington Spirit,Denver Summit,2026-07-27 00:00
NWSL,Angel City,Racing Louisville,2026-07-27 02:00
NWSL,Kansas City Current,Racing Louisville,2026-07-30 01:00
NWSL,Utah Royals,Washington Spirit,2026-07-30 02:00
NWSL,Bay FC,Gotham FC,2026-07-30 03:00
NWSL,North Carolina Courage,Orlando Pride,2026-08-01 01:00
NWSL,Racing Louisville,Chicago Stars,2026-08-01 21:00
NWSL,Kansas City Current,Angel City,2026-08-01 23:30
NWSL,Houston Dash,Gotham FC,2026-08-02 01:00
NWSL,Bay FC,Seattle Reign,2026-08-02 01:45
NWSL,Washington Spirit,San Diego Wave,2026-08-02 21:00
NWSL,Utah Royals,Portland Thorns,2026-08-03 00:00
NWSL,Denver Summit,Boston Legacy,2026-08-03 02:00
NWSL,Denver Summit,North Carolina Courage,2026-08-06 03:00
NWSL,Gotham FC,San Diego Wave,2026-08-08 01:00
NWSL,Denver Summit,Utah Royals,2026-08-08 21:00
NWSL,Washington Spirit,North Carolina Courage,2026-08-08 23:30
NWSL,Orlando Pride,Racing Louisville,2026-08-09 00:00
NWSL,Houston Dash,Kansas City Current,2026-08-09 01:45
NWSL,Boston Legacy,Portland Thorns,2026-08-09 21:00
NWSL,Chicago Stars,Bay FC,2026-08-10 00:00
NWSL,Seattle Reign,Angel City,2026-08-10 02:00
NWSL,Gotham FC,Kansas City Current,2026-08-15 01:00
NWSL,San Diego Wave,Denver Summit,2026-08-15 03:00
NWSL,Seattle Reign,Chicago Stars,2026-08-15 03:00
NWSL,Utah Royals,Bay FC,2026-08-15 03:00
NWSL,Racing Louisville,Boston Legacy,2026-08-15 23:30
NWSL,Portland Thorns,Orlando Pride,2026-08-16 01:45
NWSL,North Carolina Courage,Houston Dash,2026-08-17 00:00
NWSL,Angel City,Washington Spirit,2026-08-17 02:00
NWSL,Racing Louisville,Seattle Reign,2026-08-19 23:30
NWSL,Houston Dash,Chicago Stars,2026-08-20 01:00
NWSL,San Diego Wave,Utah Royals,2026-08-20 03:00
NWSL,Kansas City Current,Seattle Reign,2026-08-20 23:30
NWSL,North Carolina Courage,Boston Legacy,2026-08-21 00:30
NWSL,Portland Thorns,Denver Summit,2026-08-23 01:45
NWSL,Chicago Stars,Racing Louisville,2026-08-23 19:00
NWSL,Washington Spirit,Orlando Pride,2026-08-23 21:00
NWSL,Bay FC,Houston Dash,2026-08-23 23:00
NWSL,Angel City,Gotham FC,2026-08-24 01:00
NWSL,North Carolina Courage,Angel City,2026-08-27 01:00
NWSL,Gotham FC,Portland Thorns,2026-08-29 01:00
NWSL,San Diego Wave,Racing Louisville,2026-08-29 03:00
NWSL,Kansas City Current,North Carolina Courage,2026-08-29 23:30
NWSL,Orlando Pride,Utah Royals,2026-08-30 00:00
NWSL,Denver Summit,Chicago Stars,2026-08-30 01:45
NWSL,Washington Spirit,Bay FC,2026-08-30 17:30
NWSL,Seattle Reign,Houston Dash,2026-08-31 00:00
NWSL,Boston Legacy,Angel City,2026-09-01 01:00
NWSL,Utah Royals,Boston Legacy,2026-09-05 02:30
NWSL,Bay FC,Kansas City Current,2026-09-05 03:00
NWSL,Racing Louisville,Angel City,2026-09-05 23:30
NWSL,Denver Summit,Gotham FC,2026-09-06 19:00
NWSL,Chicago Stars,North Carolina Courage,2026-09-06 21:00
NWSL,Portland Thorns,Washington Spirit,2026-09-06 21:00
NWSL,Orlando Pride,Houston Dash,2026-09-07 00:00
NWSL,Seattle Reign,San Diego Wave,2026-09-07 02:00
WSL,Everton,Leicester City,2026-05-16 13:00
WSL2,Charlton Athletic,Birmingham City,2026-05-02 15:00
WSL,Brighton & Hove Albion,Arsenal,2026-05-06 19:45
WSL,London City Lionesses,Aston Villa,2026-05-16 13:00
WSL2,Crystal Palace,Portsmouth,2026-05-02 15:00
WSL,Everton,Chelsea,2026-04-26 12:00
WSL2,Birmingham City,Ipswich Town,2026-04-26 14:00
WSL2,Portsmouth,Nottingham Forest,2026-04-26 14:00
WSL2,Sunderland,Crystal Palace,2026-04-26 14:00
WSL2,Southampton,Charlton Athletic,2026-04-26 16:00
WSL,Arsenal,Leicester City,2026-04-29 18:00
WSL,Leicester City,Chelsea,2026-05-03 14:30
WSL2,Newcastle United,Crystal Palace,2026-03-22 17:00
WSL2,Sheffield United,Portsmouth,2026-03-28 12:30
WSL,Chelsea,Aston Villa,2026-03-29 12:00
WSL2,Bristol City,Birmingham City,2026-03-29 14:00
WSL2,Crystal Palace,Charlton Athletic,2026-03-29 14:00
WSL,Leicester City,Brighton & Hove Albion,2026-03-29 15:00
WSL2,Birmingham City,Sunderland,2026-04-01 19:00
WSL,London City Lionesses,Leicester City,2026-04-26 12:00
NWSL,Racing Louisville,Gotham FC,2026-09-11 23:30
NWSL,Kansas City Current,Orlando Pride,2026-09-12 01:00
NWSL,Angel City,Denver Summit,2026-09-12 03:00
WSL,West Ham United,London City Lionesses,2026-09-12 12:45
WSL2,Bristol City,Newcastle United,2026-09-12 17:15
NWSL,San Diego Wave,North Carolina Courage,2026-09-12 23:30
NWSL,Seattle Reign,Bay FC,2026-09-13 01:00
NWSL,Houston Dash,Utah Royals,2026-09-13 01:45
WSL,Manchester United,Chelsea,2026-09-13 12:00
WSL,Everton,Charlton Athletic,2026-09-13 14:00
WSL,Birmingham City,Brighton & Hove Albion,2026-09-13 14:00
WSL,Liverpool,Tottenham Hotspur,2026-09-13 14:00
WSL2,Burnley,Sunderland,2026-09-13 14:00
WSL2,Southampton,Ipswich Town,2026-09-13 14:00
WSL2,Nottingham Forest,Watford,2026-09-13 14:00
WSL2,Wolverhampton Wanderers,Sheffield United,2026-09-13 14:00
WSL,Arsenal,Crystal Palace,2026-09-13 14:45
WSL2,Leicester City,Durham,2026-09-13 15:00
NWSL,Washington Spirit,Boston Legacy,2026-09-13 18:00
WSL,Aston Villa,Manchester City,2026-09-13 18:30
NWSL,Portland Thorns,Chicago Stars,2026-09-14 00:00
NWSL,Denver Summit,Bay FC,2026-09-17 02:30
NWSL,Angel City,Seattle Reign,2026-09-17 03:00
NWSL,North Carolina Courage,Gotham FC,2026-09-17 23:30
WSL,Manchester City,Liverpool,2026-09-18 19:00
WSL2,Wolverhampton Wanderers,Burnley,2026-09-18 19:30
NWSL,San Diego Wave,Kansas City Current,2026-09-19 03:00
WSL,Charlton Athletic,London City Lionesses,2026-09-19 12:30
WSL,Chelsea,Birmingham City,2026-09-19 12:45
WSL,Arsenal,Manchester United,2026-09-19 17:30
NWSL,Orlando Pride,Portland Thorns,2026-09-19 21:00
NWSL,Denver Summit,Seattle Reign,2026-09-20 01:45
WSL2,Durham,Nottingham Forest,2026-09-20 12:00
WSL2,Watford,Bristol City,2026-09-20 14:00
WSL2,Newcastle United,Sheffield United,2026-09-20 14:00
WSL2,Sunderland,Southampton,2026-09-20 14:00
WSL,Brighton & Hove Albion,Aston Villa,2026-09-20 14:00
WSL,Crystal Palace,Tottenham Hotspur,2026-09-20 14:00
WSL,West Ham United,Everton,2026-09-20 14:00
WSL2,Leicester City,Ipswich Town,2026-09-20 15:00
NWSL,Boston Legacy,Houston Dash,2026-09-20 19:00
NWSL,Chicago Stars,Washington Spirit,2026-09-20 22:00
NWSL,Bay FC,Racing Louisville,2026-09-21 00:00
NWSL,Utah Royals,Angel City,2026-09-21 00:00
NWSL,Racing Louisville,San Diego Wave,2026-09-25 23:30
NWSL,Gotham FC,Chicago Stars,2026-09-26 01:00
NWSL,Seattle Reign,Boston Legacy,2026-09-26 01:30
WSL2,Burnley,Bristol City,2026-09-26 12:00
WSL,Charlton Athletic,Manchester City,2026-09-26 13:30
WSL,London City Lionesses,Brighton & Hove Albion,2026-09-26 17:00
NWSL,Kansas City Current,Denver Summit,2026-09-26 17:30
NWSL,Washington Spirit,Angel City,2026-09-26 23:30
NWSL,Portland Thorns,Houston Dash,2026-09-27 01:45
WSL,Manchester United,West Ham United,2026-09-27 13:00
WSL2,Sheffield United,Durham,2026-09-27 14:00
WSL2,Watford,Sunderland,2026-09-27 14:00
WSL2,Ipswich Town,Wolverhampton Wanderers,2026-09-27 14:00
WSL2,Newcastle United,Leicester City,2026-09-27 14:00
WSL2,Southampton,Nottingham Forest,2026-09-27 14:00
WSL,Birmingham City,Crystal Palace,2026-09-27 14:00
WSL,Tottenham Hotspur,Aston Villa,2026-09-27 14:00
WSL,Liverpool,Everton,2026-09-27 14:00
WSL,Chelsea,Arsenal,2026-09-27 16:30
NWSL,Bay FC,Orlando Pride,2026-09-27 22:00
NWSL,Utah Royals,North Carolina,2026-09-28 00:00
NWSL,Orlando Pride,San Diego Wave,2026-10-03 01:00
NWSL,Seattle Reign,North Carolina Courage,2026-10-03 03:00
NWSL,Racing Louisville,Utah Royals,2026-10-03 21:00
NWSL,Kansas City Current,Bay FC,2026-10-03 23:30
NWSL,Portland Thorns,Boston Legacy,2026-10-04 01:45
WSL,Tottenham Hotspur,London City Lionesses,2026-10-04 12:00
WSL2,Durham,Newcastle United,2026-10-04 12:00
WSL,Manchester United,Liverpool,2026-10-04 13:00
WSL,Aston Villa,Crystal Palace,2026-10-04 14:00
WSL,Everton,Birmingham City,2026-10-04 14:00
WSL2,Nottingham Forest,Burnley,2026-10-04 14:00
WSL,West Ham United,Chelsea,2026-10-04 14:00
WSL2,Wolverhampton Wanderers,Watford,2026-10-04 14:00
WSL2,Sunderland,Leicester City,2026-10-04 14:00
WSL2,Bristol City,Southampton,2026-10-04 14:00
WSL,Brighton & Hove Albion,Charlton Athletic,2026-10-04 14:00
WSL2,Sheffield United,Ipswich Town,2026-10-04 14:00
WSL,Manchester City,Arsenal,2026-10-04 14:30
NWSL,Gotham FC,Angel City,2026-10-04 17:00
NWSL,Chicago Stars,Denver Summit,2026-10-04 21:00
NWSL,Houston Dash,Washington Spirit,2026-10-05 00:00
NWSL,Boston Legacy,Racing Louisville,2026-10-17 01:00
WSL,Aston Villa,Liverpool,2026-10-17 12:00
NWSL,Washington Spirit,Gotham FC,2026-10-17 17:30
NWSL,Utah Royals,Kansas City Current,2026-10-17 23:30
NWSL,North Carolina Courage,San Diego Wave,2026-10-18 00:00
NWSL,Denver Summit,Angel City,2026-10-18 01:45
WSL,Arsenal,Birmingham City,2026-10-18 12:30
WSL,Crystal Palace,West Ham United,2026-10-18 14:00
WSL,Chelsea,Tottenham Hotspur,2026-10-18 14:00
WSL,Charlton Athletic,Manchester United,2026-10-18 14:00
WSL,London City Lionesses,Everton,2026-10-18 14:00
WSL,Manchester City,Brighton & Hove Albion,2026-10-18 14:00
NWSL,Houston Dash,Orlando Pride,2026-10-18 18:00
NWSL,Bay FC,Portland Thorns,2026-10-18 22:00
NWSL,Chicago Stars,Seattle Reign,2026-10-19 00:00
NWSL,Chicago Stars,Houston Dash,2026-10-24 01:00
NWSL,Utah Royals,Seattle Reign,2026-10-24 02:30
NWSL,Portland Thorns,North Carolina Courage,2026-10-24 03:00
NWSL,Denver Summit,Racing Louisville,2026-10-24 23:30
NWSL,Angel City,Bay FC,2026-10-25 01:45
WSL2,Watford,Durham,2026-10-25 12:00
WSL,Manchester United,Manchester City,2026-10-25 13:00
WSL,Crystal Palace,Chelsea,2026-10-25 14:00
WSL,Everton,Aston Villa,2026-10-25 14:00
WSL,Tottenham Hotspur,Arsenal,2026-10-25 14:00
WSL,Birmingham City,Charlton Athletic,2026-10-25 14:00
WSL2,Nottingham Forest,Newcastle United,2026-10-25 14:00
WSL,Brighton & Hove Albion,West Ham United,2026-10-25 14:00
WSL,Liverpool,London City Lionesses,2026-10-25 14:00
WSL2,Burnley,Sheffield United,2026-10-25 14:00
WSL2,Ipswich Town,Sunderland,2026-10-25 14:00
WSL2,Bristol City,Wolverhampton Wanderers,2026-10-25 14:00
WSL2,Leicester City,Southampton,2026-10-25 15:00
NWSL,Orlando Pride,Gotham FC,2026-10-25 19:00
NWSL,Kansas City Current,Washington Spirit,2026-10-25 21:00
NWSL,San Diego Wave,Boston Legacy,2026-10-25 23:00
WSL,Everton,Manchester United,2026-10-31 12:30
WSL,Arsenal,Aston Villa,2026-11-01 12:30
WSL,Charlton Athletic,Chelsea,2026-11-01 14:00
WSL,Birmingham City,Tottenham Hotspur,2026-11-01 14:00
WSL,Brighton & Hove Albion,Crystal Palace,2026-11-01 14:00
WSL,West Ham United,Liverpool,2026-11-01 14:00
WSL,London City Lionesses,Manchester City,2026-11-01 14:00
NWSL,Washington Spirit,Chicago Stars,2026-11-01 22:00
NWSL,Seattle Reign,Orlando Pride,2026-11-01 22:00
NWSL,Houston Dash,Portland Thorns,2026-11-01 22:00
NWSL,Racing Louisville,Kansas City Current,2026-11-01 22:00
NWSL,North Carolina Courage,Denver Summit,2026-11-01 22:00
NWSL,Angel City,Boston Legacy,2026-11-01 22:00
NWSL,Gotham FC,Utah Royals,2026-11-01 22:00
NWSL,Bay FC,San Diego Wave,2026-11-01 22:00
WSL,Liverpool,Arsenal,2026-11-07 12:00
WSL,London City Lionesses,Birmingham City,2026-11-07 12:00
WSL,Aston Villa,Manchester United,2026-11-07 12:30
WSL,Manchester City,West Ham United,2026-11-07 12:30
WSL,Chelsea,Everton,2026-11-07 12:30
WSL2,Durham,Sunderland,2026-11-08 12:00
WSL2,Ipswich Town,Bristol City,2026-11-08 14:00
WSL2,Wolverhampton Wanderers,Nottingham Forest,2026-11-08 14:00
WSL2,Newcastle United,Burnley,2026-11-08 14:00
WSL2,Southampton,Sheffield United,2026-11-08 14:00
WSL,Crystal Palace,Charlton Athletic,2026-11-08 14:00
WSL,Tottenham Hotspur,Brighton & Hove Albion,2026-11-08 14:00
WSL2,Leicester City,Watford,2026-11-08 15:00
WSL,Chelsea,Manchester City,2026-11-14 14:00
WSL,Arsenal,London City Lionesses,2026-11-14 17:30
WSL2,Sheffield United,Bristol City,2026-11-14 18:00
WSL,Manchester United,Crystal Palace,2026-11-15 13:00
WSL2,Burnley,Southampton,2026-11-15 14:00
WSL2,Nottingham Forest,Leicester City,2026-11-15 14:00
WSL2,Watford,Ipswich Town,2026-11-15 14:00
WSL2,Wolverhampton Wanderers,Durham,2026-11-15 14:00
WSL2,Sunderland,Newcastle United,2026-11-15 14:00
WSL,West Ham United,Charlton Athletic,2026-11-15 14:00
WSL,Brighton & Hove Albion,Liverpool,2026-11-15 14:00
WSL,Tottenham Hotspur,Everton,2026-11-15 14:00
WSL,Aston Villa,Birmingham City,2026-11-15 14:30
WSL,Arsenal,West Ham United,2026-11-22 12:30
WSL,Manchester City,Tottenham Hotspur,2026-11-22 14:00
WSL,London City Lionesses,Crystal Palace,2026-11-22 14:00
WSL,Birmingham City,Manchester United,2026-11-22 14:00
WSL,Everton,Brighton & Hove Albion,2026-11-22 14:00
WSL,Liverpool,Chelsea,2026-11-22 14:00
WSL,Charlton Athletic,Aston Villa,2026-11-22 14:00
WSL,Everton,Arsenal,2026-12-12 12:30
WSL,Manchester United,Brighton & Hove Albion,2026-12-13 13:00
WSL,Crystal Palace,Manchester City,2026-12-13 14:00
WSL,West Ham United,Aston Villa,2026-12-13 14:00
WSL,Chelsea,London City Lionesses,2026-12-13 14:00
WSL,Tottenham Hotspur,Charlton Athletic,2026-12-13 14:00
WSL,Birmingham City,Liverpool,2026-12-13 14:00
WSL,Brighton & Hove Albion,Chelsea,2026-12-19 12:30
WSL2,Durham,Ipswich Town,2026-12-20 12:00
WSL,Charlton Athletic,Arsenal,2026-12-20 12:30
WSL,Manchester United,Tottenham Hotspur,2026-12-20 13:00
WSL2,Sheffield United,Sunderland,2026-12-20 14:00
WSL2,Southampton,Wolverhampton Wanderers,2026-12-20 14:00
WSL2,Newcastle United,Watford,2026-12-20 14:00
WSL,Liverpool,Crystal Palace,2026-12-20 14:00
WSL,West Ham United,Birmingham City,2026-12-20 14:00
WSL,Manchester City,Everton,2026-12-20 14:00
WSL,Aston Villa,London City Lionesses,2026-12-20 14:00
WSL2,Leicester City,Burnley,2026-12-20 15:00
WSL2,Bristol City,Nottingham Forest,2026-12-21 17:00
WSL,Arsenal,Brighton & Hove Albion,2027-01-10 12:30
WSL,Crystal Palace,Manchester United,2027-01-10 14:00
WSL,London City Lionesses,West Ham United,2027-01-10 14:00
WSL,Tottenham Hotspur,Liverpool,2027-01-10 14:00
WSL,Charlton Athletic,Birmingham City,2027-01-10 14:00
WSL,Aston Villa,Everton,2027-01-10 14:00
WSL,Manchester City,Chelsea,2027-01-10 14:00
WSL2,Burnley,Durham,2027-01-10 14:00
WSL2,Watford,Southampton,2027-01-10 14:00
WSL2,Ipswich Town,Newcastle United,2027-01-10 14:00
WSL2,Nottingham Forest,Sheffield United,2027-01-10 14:00
WSL2,Bristol City,Leicester City,2027-01-10 14:00
WSL2,Sunderland,Wolverhampton Wanderers,2027-01-10 14:00
WSL,Crystal Palace,Aston Villa,2027-01-20 19:00
WSL,West Ham United,Manchester United,2027-01-20 19:00
WSL,Everton,London City Lionesses,2027-01-20 19:00
WSL,Chelsea,Charlton Athletic,2027-01-20 19:00
WSL,Birmingham City,Manchester City,2027-01-20 19:30
WSL,Brighton & Hove Albion,Tottenham Hotspur,2027-01-20 19:45
WSL,Arsenal,Liverpool,2027-01-21 19:00
WSL2,Burnley,Ipswich Town,2027-01-22 19:00
WSL2,Sheffield United,Watford,2027-01-23 18:00
WSL2,Durham,Bristol City,2027-01-24 12:00
WSL,Manchester United,Everton,2027-01-24 13:00
WSL,Manchester City,Charlton Athletic,2027-01-24 14:00
WSL,Brighton & Hove Albion,Birmingham City,2027-01-24 14:00
WSL,Liverpool,West Ham United,2027-01-24 14:00
WSL,Aston Villa,Tottenham Hotspur,2027-01-24 14:00
WSL,London City Lionesses,Arsenal,2027-01-24 14:00
WSL,Chelsea,Crystal Palace,2027-01-24 14:00
WSL2,Wolverhampton Wanderers,Leicester City,2027-01-24 14:00
WSL2,Nottingham Forest,Sunderland,2027-01-24 14:00
WSL2,Newcastle United,Southampton,2027-01-24 14:00
WSL2,Durham,Sheffield United,2027-01-27 19:00
WSL2,Sunderland,Burnley,2027-01-27 19:00
WSL2,Ipswich Town,Watford,2027-01-27 19:30
WSL2,Wolverhampton Wanderers,Newcastle United,2027-01-27 19:30
WSL2,Leicester City,Nottingham Forest,2027-01-27 19:30
WSL2,Southampton,Bristol City,2027-01-27 19:30
WSL,Arsenal,Manchester City,2027-01-30 17:30
WSL,Manchester United,London City Lionesses,2027-01-31 13:00
WSL,Everton,West Ham United,2027-01-31 14:00
WSL,Tottenham Hotspur,Chelsea,2027-01-31 14:00
WSL2,Bristol City,Sheffield United,2027-01-31 14:00
WSL2,Nottingham Forest,Ipswich Town,2027-01-31 14:00
WSL2,Watford,Wolverhampton Wanderers,2027-01-31 14:00
WSL2,Southampton,Burnley,2027-01-31 14:00
WSL2,Sunderland,Durham,2027-01-31 14:00
WSL,Liverpool,Brighton & Hove Albion,2027-01-31 14:00
WSL,Charlton Athletic,Crystal Palace,2027-01-31 14:00
WSL,Birmingham City,Aston Villa,2027-01-31 14:00
WSL2,Leicester City,Newcastle United,2027-01-31 15:00
WSL2,Ipswich Town,Durham,2027-02-07 13:00
WSL2,Newcastle United,Nottingham Forest,2027-02-07 14:00
WSL2,Sheffield United,Southampton,2027-02-07 14:00
WSL2,Wolverhampton Wanderers,Sunderland,2027-02-07 14:00
WSL2,Bristol City,Watford,2027-02-07 14:00
WSL2,Burnley,Leicester City,2027-02-07 14:00
WSL,Birmingham City,Arsenal,2027-02-07 14:00
WSL,Tottenham Hotspur,Manchester United,2027-02-07 14:00
WSL,Aston Villa,Charlton Athletic,2027-02-07 14:00
WSL,West Ham United,Manchester City,2027-02-07 14:00
WSL,Chelsea,Liverpool,2027-02-07 14:00
WSL,Crystal Palace,London City Lionesses,2027-02-07 14:00
WSL,Brighton & Hove Albion,Everton,2027-02-07 14:00
WSL2,Watford,Leicester City,2027-02-12 19:30
WSL2,Sheffield United,Burnley,2027-02-13 18:00
WSL2,Durham,Wolverhampton Wanderers,2027-02-14 12:00
WSL2,Southampton,Newcastle United,2027-02-14 14:00
WSL2,Nottingham Forest,Bristol City,2027-02-14 14:00
WSL,London City Lionesses,Chelsea,2027-02-14 14:00
WSL,Charlton Athletic,West Ham United,2027-02-14 14:00
WSL,Everton,Tottenham Hotspur,2027-02-14 14:00
WSL,Crystal Palace,Arsenal,2027-02-14 14:00
WSL2,Sunderland,Ipswich Town,2027-02-14 14:00
WSL,Liverpool,Birmingham City,2027-02-14 14:00
WSL,Aston Villa,Brighton & Hove Albion,2027-02-14 14:00
WSL,Manchester City,Manchester United,2027-02-14 14:30
WSL,Birmingham City,Chelsea,2027-03-13 12:30
WSL,Arsenal,Tottenham Hotspur,2027-03-13 17:30
WSL,Manchester United,Charlton Athletic,2027-03-14 13:00
WSL2,Ipswich Town,Sheffield United,2027-03-14 14:00
WSL2,Newcastle United,Durham,2027-03-14 14:00
WSL2,Burnley,Watford,2027-03-14 14:00
WSL2,Nottingham Forest,Southampton,2027-03-14 14:00
WSL,Manchester City,Aston Villa,2027-03-14 14:00
WSL,London City Lionesses,Liverpool,2027-03-14 14:00
WSL,Everton,Crystal Palace,2027-03-14 14:00
WSL,West Ham United,Brighton & Hove Albion,2027-03-14 14:00
WSL2,Bristol City,Sunderland,2027-03-14 14:00
WSL2,Leicester City,Wolverhampton Wanderers,2027-03-14 15:00
WSL,Liverpool,Manchester United,2027-03-17 19:00
WSL,Chelsea,West Ham United,2027-03-17 19:00
WSL,Charlton Athletic,Everton,2027-03-17 19:00
WSL,Aston Villa,Arsenal,2027-03-17 19:30
WSL,Tottenham Hotspur,Manchester City,2027-03-17 19:30
WSL,Brighton & Hove Albion,London City Lionesses,2027-03-17 19:45
WSL,Crystal Palace,Birmingham City,2027-03-17 20:00
WSL2,Sheffield United,Newcastle United,2027-03-20 18:00
WSL2,Durham,Leicester City,2027-03-21 12:00
WSL2,Sunderland,Nottingham Forest,2027-03-21 14:00
WSL2,Wolverhampton Wanderers,Bristol City,2027-03-21 14:00
WSL2,Southampton,Watford,2027-03-21 14:00
WSL2,Ipswich Town,Burnley,2027-03-21 14:00
WSL2,Watford,Nottingham Forest,2027-03-26 19:30
WSL,Manchester City,Crystal Palace,2027-03-27 14:00
WSL2,Burnley,Wolverhampton Wanderers,2027-03-27 14:00
WSL2,Southampton,Durham,2027-03-28 12:00
WSL,Manchester United,Aston Villa,2027-03-28 13:00
WSL,Birmingham City,London City Lionesses,2027-03-28 14:00
WSL,Everton,Liverpool,2027-03-28 14:00
WSL,Charlton Athletic,Brighton & Hove Albion,2027-03-28 14:00
WSL,West Ham United,Tottenham Hotspur,2027-03-28 14:00
WSL,Arsenal,Chelsea,2027-03-28 14:00
WSL2,Newcastle United,Sunderland,2027-03-28 14:00
WSL2,Bristol City,Ipswich Town,2027-03-28 14:00
WSL2,Leicester City,Sheffield United,2027-03-28 15:00
WSL2,Wolverhampton Wanderers,Southampton,2027-04-04 14:00
WSL,Tottenham Hotspur,Crystal Palace,2027-04-04 14:00
WSL,London City Lionesses,Charlton Athletic,2027-04-04 14:00
WSL,Liverpool,Aston Villa,2027-04-04 14:00
WSL,Birmingham City,West Ham United,2027-04-04 14:00
WSL,Brighton & Hove Albion,Manchester City,2027-04-04 14:00
WSL2,Ipswich Town,Leicester City,2027-04-04 14:00
WSL2,Sunderland,Sheffield United,2027-04-04 14:00
WSL2,Nottingham Forest,Durham,2027-04-04 14:00
WSL2,Watford,Newcastle United,2027-04-04 14:00
WSL2,Bristol City,Burnley,2027-04-04 14:00
WSL,Chelsea,Manchester United,2027-04-04 14:00
WSL,Arsenal,Everton,2027-04-04 14:00
WSL2,Sheffield United,Wolverhampton Wanderers,2027-04-10 18:00
WSL2,Durham,Watford,2027-04-11 12:00
WSL2,Burnley,Nottingham Forest,2027-04-11 14:00
WSL2,Newcastle United,Ipswich Town,2027-04-11 14:00
WSL2,Southampton,Sunderland,2027-04-11 14:00
WSL2,Leicester City,Bristol City,2027-04-11 15:00
WSL,Everton,Manchester City,2027-04-30 19:00
WSL2,Watford,Sheffield United,2027-05-01 12:00
WSL2,Bristol City,Durham,2027-05-01 17:30
WSL,Manchester United,Birmingham City,2027-05-02 13:00
WSL2,Ipswich Town,Southampton,2027-05-02 14:00
WSL2,Nottingham Forest,Wolverhampton Wanderers,2027-05-02 14:00
WSL2,Burnley,Newcastle United,2027-05-02 14:00
WSL,West Ham United,Arsenal,2027-05-02 14:00
WSL,London City Lionesses,Tottenham Hotspur,2027-05-02 14:00
WSL,Crystal Palace,Brighton & Hove Albion,2027-05-02 14:00
WSL,Liverpool,Charlton Athletic,2027-05-02 14:00
WSL2,Leicester City,Sunderland,2027-05-02 15:00
WSL,Aston Villa,Chelsea,2027-05-02 18:00
WSL,Manchester United,Arsenal,2027-05-09 13:00
WSL,Aston Villa,West Ham United,2027-05-09 14:00
WSL,Birmingham City,Everton,2027-05-09 14:00
WSL,Manchester City,London City Lionesses,2027-05-09 14:00
WSL,Charlton Athletic,Tottenham Hotspur,2027-05-09 14:00
WSL,Chelsea,Brighton & Hove Albion,2027-05-09 14:00
WSL,Crystal Palace,Liverpool,2027-05-09 14:00
