competition,sport,competition_group,region,tier,home_team,away_team,kickoff_uk,venue,home_score,away_score,official_source
England Women - Women's International,Football,England Women,England,,England,United States,2024-11-30 17:20,Wembley Stadium,0,0,https://www.englandfootball.com/england/womens-senior-team/fixtures-results
England Women - Women's International,Football,England Women,England,,England,Switzerland,2024-12-03 19:45,Bramall Lane,1,0,https://www.englandfootball.com/england/womens-senior-team/fixtures-results
England Women - UEFA Nations League 2025-26,Football,England Women,England,,Portugal,England,2025-02-21 19:45,Estádio Municipal de Portimão,1,1,https://www.englandfootball.com/england/womens-senior-team/fixtures-results
England Women - UEFA Nations League 2025-26,Football,England Women,England,,England,Spain,2025-02-26 20:00,Wembley Stadium,1,0,https://www.englandfootball.com/england/womens-senior-team/fixtures-results
England Women - UEFA Nations League 2025-26,Football,England Women,England,,England,Belgium,2025-04-04 20:00,Ashton Gate Stadium,5,0,https://www.englandfootball.com/england/womens-senior-team/fixtures-results
England Women - UEFA Nations League 2025-26,Football,England Women,England,,Belgium,England,2025-04-08 19:30,King Power at Den Dreef Stadion,3,2,https://www.englandfootball.com/england/womens-senior-team/fixtures-results
England Women - UEFA Nations League 2025-26,Football,England Women,England,,England,Portugal,2025-05-30 19:45,Wembley Stadium,6,0,https://www.englandfootball.com/england/womens-senior-team/fixtures-results
England Women - UEFA Nations League 2025-26,Football,England Women,England,,Spain,England,2025-06-03 18:00,RCDE Stadium,2,1,https://www.englandfootball.com/england/womens-senior-team/fixtures-results
England Women - Women's International,Football,England Women,England,,England,Jamaica,2025-06-29 17:00,King Power Stadium,7,0,https://www.englandfootball.com/england/womens-senior-team/fixtures-results
England Women - UEFA Women's EURO 2025,Football,England Women,England,,France,England,2025-07-05 20:00,Stadion Letzigrund,2,1,https://www.englandfootball.com/england/womens-senior-team/fixtures-results
England Women - UEFA Women's EURO 2025,Football,England Women,England,,England,Netherlands,2025-07-09 17:00,Stadion Letzigrund,4,0,https://www.englandfootball.com/england/womens-senior-team/fixtures-results
England Women - UEFA Women's EURO 2025,Football,England Women,England,,England,Wales,2025-07-13 20:00,Berit Sitterstadion,6,1,https://www.englandfootball.com/england/womens-senior-team/fixtures-results
England Women - UEFA Women's EURO 2025,Football,England Women,England,,Sweden,England,2025-07-17 20:00,Stadion Letzigrund,2,2,https://www.englandfootball.com/england/womens-senior-team/fixtures-results
England Women - UEFA Women's EURO 2025,Football,England Women,England,,England,Italy,2025-07-22 20:00,Stade de Genève,2,1,https://www.englandfootball.com/england/womens-senior-team/fixtures-results
England Women - UEFA Women's EURO 2025,Football,England Women,England,,England,Spain,2025-07-27 17:00,St. Jakob-Park,1,1,https://www.englandfootball.com/england/womens-senior-team/fixtures-results
England Women - Women's International,Football,England Women,England,,England,Brazil,2025-10-25 17:30,Etihad Stadium,1,2,https://www.englandfootball.com/england/womens-senior-team/fixtures-results
England Women - Women's International,Football,England Women,England,,England,Australia,2025-10-28 19:00,Pride Park Stadium,3,0,https://www.englandfootball.com/england/womens-senior-team/fixtures-results
England Women U20 - Friendly,Football,England Women U20,England,,China,England,2025-11-26 16:00,-,1,2,https://www.englandfootball.com/england/youth/Womens-U20
England Women U20 - Friendly,Football,England Women U20,England,,England,United States,2025-11-29 12:00,-,1,4,https://www.englandfootball.com/england/youth/Womens-U20
England Women - Women's International,Football,England Women,England,,England,China,2025-11-29 17:30,Wembley Stadium,8,0,https://www.englandfootball.com/england/womens-senior-team/fixtures-results
England Women U20 - Friendly,Football,England Women U20,England,,England,Mexico,2025-12-02 11:00,-,3,2,https://www.englandfootball.com/england/youth/Womens-U20
England Women - Women's International,Football,England Women,England,,England,Ghana,2025-12-02 19:00,St. Mary's Stadium,2,0,https://www.englandfootball.com/england/womens-senior-team/fixtures-results
England Women U20 - Friendly,Football,England Women U20,England,,Spain,England,2026-02-28 11:00,-,3,1,https://www.englandfootball.com/england/youth/Womens-U20
England Women - FIFA 2027 World Cup European Qualifiers,Football,England Women,England,,Ukraine,England,2026-03-03 17:00,Mardan Stadyumu,1,6,https://www.englandfootball.com/england/womens-senior-team/fixtures-results
England Women U20 - Friendly,Football,England Women U20,England,,England,Mexico,2026-03-06 11:00,-,4,1,https://www.englandfootball.com/england/youth/Womens-U20
England Women - FIFA 2027 World Cup European Qualifiers,Football,England Women,England,,England,Iceland,2026-03-07 12:30,The City Ground,2,0,https://www.englandfootball.com/england/womens-senior-team/fixtures-results
Barclays WSL,Football,WSL,England,Tier 1,Chelsea,Aston Villa,2026-03-29 12:00,-,1,1,https://en.wikipedia.org/wiki/2026%E2%80%9327_Women%27s_Super_League
England Women - FIFA 2027 World Cup European Qualifiers,Football,England Women,England,,England,Spain,2026-04-14 19:00,Wembley Stadium,1,0,https://www.englandfootball.com/england/womens-senior-team/fixtures-results
England Women - FIFA 2027 World Cup European Qualifiers,Football,England Women,England,,Iceland,England,2026-04-18 17:30,Laugardalsvöllur,0,1,https://www.englandfootball.com/england/womens-senior-team/fixtures-results
Barclays WSL,Football,WSL,England,Tier 1,Brighton & Hove Albion,Arsenal,2026-05-06 19:45,-,0,1,https://en.wikipedia.org/wiki/2026%E2%80%9327_Women%27s_Super_League
England Women U20 - Friendly,Football,England Women U20,England,,England,Canada,2026-06-03 17:00,-,1,0,https://www.englandfootball.com/england/youth/Womens-U20
England Women - FIFA 2027 World Cup European Qualifiers,Football,England Women,England,,Spain,England,2026-06-05 20:00,Estadi Mallorca Son Moix,4,0,https://www.englandfootball.com/england/womens-senior-team/fixtures-results
England Women U20 - Friendly,Football,England Women U20,England,,England,Japan,2026-06-09 11:00,-,0,1,https://www.englandfootball.com/england/youth/Womens-U20
England Women - FIFA 2027 World Cup European Qualifiers,Football,England Women,England,,England,Ukraine,2026-06-09 20:00,Hill Dickinson Stadium,3,0,https://www.englandfootball.com/england/womens-senior-team/fixtures-results
England Women U20 - Friendly,Football,England Women U20,England,,United States,England,2026-07-09 23:00,-,1,1,https://www.englandfootball.com/england/youth/Womens-U20
NWSL,Football,NWSL,USA,,Boston Legacy,Chicago Stars,2026-07-11 01:00,-,2,0,https://en.wikipedia.org/wiki/2026_NWSL_season
NWSL,Football,NWSL,USA,,Orlando Pride,Kansas City Current,2026-07-11 01:00,-,3,0,https://en.wikipedia.org/wiki/2026_NWSL_season
NWSL,Football,NWSL,USA,,Racing Louisville,Bay FC,2026-07-11 01:00,-,0,2,https://en.wikipedia.org/wiki/2026_NWSL_season
NWSL,Football,NWSL,USA,,Utah Royals,Gotham FC,2026-07-11 03:00,-,1,3,https://en.wikipedia.org/wiki/2026_NWSL_season
NWSL,Football,NWSL,USA,,North Carolina Courage,Washington Spirit,2026-07-11 23:30,-,0,2,https://en.wikipedia.org/wiki/2026_NWSL_season
NWSL,Football,NWSL,USA,,San Diego Wave,Angel City,2026-07-12 01:45,-,0,2,https://en.wikipedia.org/wiki/2026_NWSL_season
NWSL,Football,NWSL,USA,,Seattle Reign,Portland Thorns,2026-07-12 21:00,-,2,0,https://en.wikipedia.org/wiki/2026_NWSL_season
NWSL,Football,NWSL,USA,,Denver Summit,Houston Dash,2026-07-13 00:00,-,2,2,https://en.wikipedia.org/wiki/2026_NWSL_season
England Women U20 - Friendly,Football,England Women U20,England,,England,Colombia,2026-07-15 17:00,-,0,0,https://www.englandfootball.com/england/youth/Womens-U20
NWSL,Football,NWSL,USA,,Orlando Pride,Boston Legacy,2026-07-16 00:00,-,0,1,https://en.wikipedia.org/wiki/2026_NWSL_season
NWSL,Football,NWSL,USA,,Gotham FC,Washington Spirit,2026-07-16 01:00,-,1,0,https://en.wikipedia.org/wiki/2026_NWSL_season
NWSL,Football,NWSL,USA,,Kansas City Current,San Diego Wave,2026-07-18 01:00,-,2,2,https://en.wikipedia.org/wiki/2026_NWSL_season
NWSL,Football,NWSL,USA,,Gotham FC,Seattle Reign,2026-07-18 17:00,-,3,2,https://en.wikipedia.org/wiki/2026_NWSL_season
NWSL,Football,NWSL,USA,,Denver Summit,Portland Thorns,2026-07-18 19:00,-,2,1,https://en.wikipedia.org/wiki/2026_NWSL_season
NWSL,Football,NWSL,USA,,Bay FC,North Carolina Courage,2026-07-18 21:00,-,3,0,https://en.wikipedia.org/wiki/2026_NWSL_season
NWSL,Football,NWSL,USA,,Chicago Stars,Angel City,2026-07-18 23:30,-,0,2,https://en.wikipedia.org/wiki/2026_NWSL_season
NWSL,Football,NWSL,USA,,Racing Louisville,Houston Dash,2026-07-19 01:00,-,1,1,https://en.wikipedia.org/wiki/2026_NWSL_season
NWSL,Football,NWSL,USA,,Utah Royals,Orlando Pride,2026-07-19 01:45,-,1,0,https://en.wikipedia.org/wiki/2026_NWSL_season
NWSL,Football,NWSL,USA,,Boston Legacy,Washington Spirit,2026-07-20 00:00,-,1,2,https://en.wikipedia.org/wiki/2026_NWSL_season
NWSL,Football,NWSL,USA,,Houston Dash,Bay FC,2026-07-25 01:00,-,1,0,https://en.wikipedia.org/wiki/2026_NWSL_season
NWSL,Football,NWSL,USA,,Orlando Pride,Chicago Stars,2026-07-25 01:00,-,1,0,https://en.wikipedia.org/wiki/2026_NWSL_season
NWSL,Football,NWSL,USA,,Portland Thorns,Gotham FC,2026-07-25 03:00,-,2,2,https://en.wikipedia.org/wiki/2026_NWSL_season
NWSL,Football,NWSL,USA,,Boston Legacy,Kansas City Current,2026-07-25 22:00,-,1,0,https://en.wikipedia.org/wiki/2026_NWSL_season
NWSL,Football,NWSL,USA,,North Carolina Courage,Utah Royals,2026-07-26 00:45,-,1,4,https://en.wikipedia.org/wiki/2026_NWSL_season
NWSL,Football,NWSL,USA,,San Diego Wave,Seattle Reign,2026-07-26 22:00,-,0,2,https://en.wikipedia.org/wiki/2026_NWSL_season
NWSL,Football,NWSL,USA,,Washington Spirit,Denver Summit,2026-07-27 00:00,-,1,0,https://en.wikipedia.org/wiki/2026_NWSL_season
NWSL,Football,NWSL,USA,,Angel City,Racing Louisville,2026-07-27 02:00,-,1,2,https://en.wikipedia.org/wiki/2026_NWSL_season
NWSL,Football,NWSL,USA,,Kansas City Current,Racing Louisville,2026-07-30 01:00,-,5,1,https://en.wikipedia.org/wiki/2026_NWSL_season
NWSL,Football,NWSL,USA,,Utah Royals,Washington Spirit,2026-07-30 02:00,-,0,1,https://en.wikipedia.org/wiki/2026_NWSL_season
NWSL,Football,NWSL,USA,,Bay FC,Gotham FC,2026-07-30 03:00,-,0,1,https://en.wikipedia.org/wiki/2026_NWSL_season
NWSL,Football,NWSL,USA,,North Carolina Courage,Orlando Pride,2026-08-01 01:00,-,5,0,https://en.wikipedia.org/wiki/2026_NWSL_season
NWSL,Football,NWSL,USA,,Racing Louisville,Chicago Stars,2026-08-01 21:00,-,2,1,https://en.wikipedia.org/wiki/2026_NWSL_season
NWSL,Football,NWSL,USA,,Kansas City Current,Angel City,2026-08-01 23:30,-,1,1,https://en.wikipedia.org/wiki/2026_NWSL_season
NWSL,Football,NWSL,USA,,Houston Dash,Gotham FC,2026-08-02 01:00,-,0,1,https://en.wikipedia.org/wiki/2026_NWSL_season
NWSL,Football,NWSL,USA,,Bay FC,Seattle Reign,2026-08-02 01:45,-,2,3,https://en.wikipedia.org/wiki/2026_NWSL_season
NWSL,Football,NWSL,USA,,Washington Spirit,San Diego Wave,2026-08-02 21:00,-,0,1,https://en.wikipedia.org/wiki/2026_NWSL_season
NWSL,Football,NWSL,USA,,Utah Royals,Portland Thorns,2026-08-03 00:00,-,5,1,https://en.wikipedia.org/wiki/2026_NWSL_season
NWSL,Football,NWSL,USA,,Denver Summit,Boston Legacy,2026-08-03 02:00,-,1,1,https://en.wikipedia.org/wiki/2026_NWSL_season
NWSL,Football,NWSL,USA,,Denver Summit,North Carolina Courage,2026-08-06 03:00,-,0,2,https://en.wikipedia.org/wiki/2026_NWSL_season
NWSL,Football,NWSL,USA,,Gotham FC,San Diego Wave,2026-08-08 01:00,-,1,0,https://en.wikipedia.org/wiki/2026_NWSL_season
NWSL,Football,NWSL,USA,,Denver Summit,Utah Royals,2026-08-08 21:00,-,2,1,https://en.wikipedia.org/wiki/2026_NWSL_season
NWSL,Football,NWSL,USA,,Washington Spirit,North Carolina Courage,2026-08-08 23:30,-,3,4,https://en.wikipedia.org/wiki/2026_NWSL_season
NWSL,Football,NWSL,USA,,Orlando Pride,Racing Louisville,2026-08-09 00:00,-,1,3,https://en.wikipedia.org/wiki/2026_NWSL_season
NWSL,Football,NWSL,USA,,Houston Dash,Kansas City Current,2026-08-09 01:45,-,1,1,https://en.wikipedia.org/wiki/2026_NWSL_season
NWSL,Football,NWSL,USA,,Boston Legacy,Portland Thorns,2026-08-09 21:00,-,3,4,https://en.wikipedia.org/wiki/2026_NWSL_season
NWSL,Football,NWSL,USA,,Chicago Stars,Bay FC,2026-08-10 00:00,-,0,0,https://en.wikipedia.org/wiki/2026_NWSL_season
NWSL,Football,NWSL,USA,,Seattle Reign,Angel City,2026-08-10 02:00,-,2,2,https://en.wikipedia.org/wiki/2026_NWSL_season
England Women U20 - Friendly,Football,England Women U20,England,,Portugal,England,2026-08-13 17:30,-,0,2,https://www.englandfootball.com/england/youth/Womens-U20
NWSL,Football,NWSL,USA,,Gotham FC,Kansas City Current,2026-08-15 01:00,-,2,1,https://en.wikipedia.org/wiki/2026_NWSL_season
NWSL,Football,NWSL,USA,,Utah Royals,Bay FC,2026-08-15 03:00,-,3,2,https://en.wikipedia.org/wiki/2026_NWSL_season
NWSL,Football,NWSL,USA,,San Diego Wave,Denver Summit,2026-08-15 03:00,-,1,1,https://en.wikipedia.org/wiki/2026_NWSL_season
NWSL,Football,NWSL,USA,,Seattle Reign,Chicago Stars,2026-08-15 03:00,-,1,0,https://en.wikipedia.org/wiki/2026_NWSL_season
NWSL,Football,NWSL,USA,,Racing Louisville,Boston Legacy,2026-08-15 23:30,-,4,1,https://en.wikipedia.org/wiki/2026_NWSL_season
NWSL,Football,NWSL,USA,,Portland Thorns,Orlando Pride,2026-08-16 01:45,-,2,1,https://en.wikipedia.org/wiki/2026_NWSL_season
SWPL 1,Football,SWPL 1,Scotland,,Hibernian,Motherwell,2026-08-16 13:00,Meadowbank Stadium,7,0,https://swpl.uk/match-centre/swpl/
SWPL 1,Football,SWPL 1,Scotland,,Montrose,Rangers,2026-08-16 13:00,Links Park,1,4,https://swpl.uk/match-centre/swpl/
SWPL 1,Football,SWPL 1,Scotland,,Spartans,Partick Thistle,2026-08-16 13:00,The Vanloq Community Stadium,1,1,https://swpl.uk/match-centre/swpl/
SWPL 1,Football,SWPL 1,Scotland,,Hearts,Aberdeen,2026-08-16 16:00,The Vanloq Community Stadium,6,0,https://swpl.uk/match-centre/swpl/
SWPL 1,Football,SWPL 1,Scotland,,Glasgow City,Celtic,2026-08-16 16:10,Petershill Park,1,2,https://swpl.uk/match-centre/swpl/
NWSL,Football,NWSL,USA,,North Carolina Courage,Houston Dash,2026-08-17 00:00,-,2,3,https://en.wikipedia.org/wiki/2026_NWSL_season
NWSL,Football,NWSL,USA,,Angel City,Washington Spirit,2026-08-17 02:00,-,1,1,https://en.wikipedia.org/wiki/2026_NWSL_season
NWSL,Football,NWSL,USA,,Racing Louisville,Seattle Reign,2026-08-19 23:30,-,2,1,https://en.wikipedia.org/wiki/2026_NWSL_season
NWSL,Football,NWSL,USA,,Houston Dash,Chicago Stars,2026-08-20 01:00,-,5,0,https://en.wikipedia.org/wiki/2026_NWSL_season
NWSL,Football,NWSL,USA,,San Diego Wave,Utah Royals,2026-08-20 03:00,-,4,2,https://en.wikipedia.org/wiki/2026_NWSL_season
NWSL,Football,NWSL,USA,,Kansas City Current,Seattle Reign,2026-08-20 23:30,-,1,1,https://en.wikipedia.org/wiki/2026_NWSL_season
NWSL,Football,NWSL,USA,,North Carolina Courage,Boston Legacy,2026-08-21 00:30,-,2,1,https://en.wikipedia.org/wiki/2026_NWSL_season
NWSL,Football,NWSL,USA,,Portland Thorns,Denver Summit,2026-08-23 01:45,-,1,0,https://en.wikipedia.org/wiki/2026_NWSL_season
SWPL 1,Football,SWPL 1,Scotland,,Celtic,Montrose,2026-08-23 13:00,Kirkintilloch Community Sports Complex,3,0,https://swpl.uk/match-centre/swpl/
SWPL 1,Football,SWPL 1,Scotland,,Aberdeen,Glasgow City,2026-08-23 13:00,Balmoral Stadium,0,3,https://swpl.uk/match-centre/swpl/
SWPL 1,Football,SWPL 1,Scotland,,Partick Thistle,Hibernian,2026-08-23 13:00,Petershill Park,1,3,https://swpl.uk/match-centre/swpl/
Division 1 Midlands,Football,Division 1 Midlands,England,Tier 4,Worcester City Women,Barnsley Women,2026-08-23 14:00,Sixways Stadium,1,5,https://wnl.thefa.com/fixtures
Northern Premier Division,Football,Northern Premier Division,England,Tier 3,Derby County,Rugby Borough,2026-08-23 14:00,Mickleover FC,0,1,https://wnl.thefa.com/fixtures
Southern Premier Division,Football,Southern Premier Division,England,Tier 3,Real Bedford,Fulham,2026-08-23 14:00,The Ledger Stadium,1,4,https://wnl.thefa.com/fixtures
Division 1 Midlands,Football,Division 1 Midlands,England,Tier 4,Sheffield FC,Wythenshawe,2026-08-23 14:00,Home of Football Stadium,0,4,https://wnl.thefa.com/fixtures
Division 1 South East,Football,Division 1 South East,England,Tier 4,Milton Keynes Dons,Billericay Town,2026-08-23 14:00,Stadium MK,2,0,https://wnl.thefa.com/fixtures
Southern Premier Division,Football,Southern Premier Division,England,Tier 3,Portsmouth,Swindon Town,2026-08-23 14:00,Fratton Park,4,0,https://wnl.thefa.com/fixtures
Division 1 Midlands,Football,Division 1 Midlands,England,Tier 4,Northampton Town,Sporting Khalsa,2026-08-23 14:00,O'riordan Bond Stadium,0,1,https://wnl.thefa.com/fixtures
Division 1 South East,Football,Division 1 South East,England,Tier 4,Luton Town,Chatham Town,2026-08-23 14:00,Barton Rovers FC,1,2,https://wnl.thefa.com/fixtures
Southern Premier Division,Football,Southern Premier Division,England,Tier 3,Plymouth Argyle,AFC Wimbledon,2026-08-23 14:00,Home Park Stadium,0,6,https://wnl.thefa.com/fixtures
Division 1 South East,Football,Division 1 South East,England,Tier 4,Dulwich Hamlet,Saltdean United,2026-08-23 14:00,Champion Hill Stadium,2,2,https://wnl.thefa.com/fixtures
Southern Premier Division,Football,Southern Premier Division,England,Tier 3,Oxford United,Lewes,2026-08-23 14:00,The MGroup Stadium,3,0,https://wnl.thefa.com/fixtures
Division 1 Midlands,Football,Division 1 Midlands,England,Tier 4,Lye Town,Leafield Athletic,2026-08-23 14:00,Lye Town,2,4,https://wnl.thefa.com/fixtures
Division 1 Midlands,Football,Division 1 Midlands,England,Tier 4,Notts County,Kidderminster Harriers,2026-08-23 14:00,Coronation Park,3,0,https://wnl.thefa.com/fixtures
Division 1 South West,Football,Division 1 South West,England,Tier 4,Bridgwater United,Maidenhead United,2026-08-23 14:00,The Ethan Berry Pavilion,1,0,https://wnl.thefa.com/fixtures
Northern Premier Division,Football,Northern Premier Division,England,Tier 3,Stoke City,Boldmere St Michaels,2026-08-23 14:00,bet365 Stadium,5,1,https://wnl.thefa.com/fixtures
Northern Premier Division,Football,Northern Premier Division,England,Tier 3,Huddersfield Town,Loughborough Lightning,2026-08-23 14:00,Accu Stadium,5,1,https://wnl.thefa.com/fixtures
Division 1 South West,Football,Division 1 South West,England,Tier 4,Gwalia United,Bournemouth Sports,2026-08-23 14:00,University of South Wales Sports Park,1,0,https://wnl.thefa.com/fixtures
Division 1 North,Football,Division 1 North,England,Tier 4,Chester Le Street Town,Leeds United,2026-08-23 14:00,Moor Park,0,3,https://wnl.thefa.com/fixtures
Northern Premier Division,Football,Northern Premier Division,England,Tier 3,Hull City,Norwich City,2026-08-23 14:00,Versa Sportswear Stadium,0,2,https://wnl.thefa.com/fixtures
Division 1 South West,Football,Division 1 South West,England,Tier 4,Keynsham Town,Wycombe Wanderers,2026-08-23 14:00,The AJN Stadium,0,2,https://wnl.thefa.com/fixtures
Division 1 North,Football,Division 1 North,England,Tier 4,Durham Cestria,Blackburn Rovers,2026-08-23 14:00,Shildon AFC,3,4,https://wnl.thefa.com/fixtures
Division 1 South West,Football,Division 1 South West,England,Tier 4,Marine Academy Plymouth,Bristol Rovers,2026-08-23 14:00,Erme Valley,1,3,https://wnl.thefa.com/fixtures
Division 1 North,Football,Division 1 North,England,Tier 4,Halifax,Norton & Stockton Ancients,2026-08-23 14:00,Myra Shay,4,2,https://wnl.thefa.com/fixtures
Northern Premier Division,Football,Northern Premier Division,England,Tier 3,Peterborough United,Liverpool Feds,2026-08-23 14:00,Pims Park,3,2,https://wnl.thefa.com/fixtures
Division 1 South West,Football,Division 1 South West,England,Tier 4,Moneyfields,Abingdon United,2026-08-23 14:00,The John Jenkins Stadium,5,1,https://wnl.thefa.com/fixtures
Division 1 North,Football,Division 1 North,England,Tier 4,Thornaby,Chorley,2026-08-23 14:00,"Thornaby Football Club, Teesdale Park",3,0,https://wnl.thefa.com/fixtures
Division 1 South West,Football,Division 1 South West,England,Tier 4,Torquay United,Ascot United,2026-08-23 14:00,Plainmoor Stadium,6,0,https://wnl.thefa.com/fixtures
Division 1 North,Football,Division 1 North,England,Tier 4,York City,AFC Fylde,2026-08-23 14:00,Selby Town FC,1,2,https://wnl.thefa.com/fixtures
Division 1 South East,Football,Division 1 South East,England,Tier 4,Cambridge United,London Bees,2026-08-23 14:00,The Grange Road Stadium,0,1,https://wnl.thefa.com/fixtures
Division 1 North,Football,Division 1 North,England,Tier 4,Bradford City,Stockport County,2026-08-23 14:00,Horsfall Community Stadium,1,5,https://wnl.thefa.com/fixtures
Southern Premier Division,Football,Southern Premier Division,England,Tier 3,AFC Bournemouth,Cheltenham Town,2026-08-23 14:00,Bob Lucas Stadium,2,1,https://wnl.thefa.com/fixtures
Northern Premier Division,Football,Northern Premier Division,England,Tier 3,Middlesbrough,West Bromwich Albion,2026-08-23 14:00,Stockton Town FC,1,0,https://wnl.thefa.com/fixtures
Division 1 Midlands,Football,Division 1 Midlands,England,Tier 4,Chesterfield,Sutton Coldfield Town,2026-08-23 14:00,SMH Group Stadium,0,1,https://wnl.thefa.com/fixtures
Division 1 South East,Football,Division 1 South East,England,Tier 4,Stevenage,Dartford,2026-08-23 15:00,Herts County Ground,4,2,https://wnl.thefa.com/fixtures
Division 1 South East,Football,Division 1 South East,England,Tier 4,Actonians,Queens Park Rangers,2026-08-23 15:00,Bedfont Sports Club,3,0,https://wnl.thefa.com/fixtures
Southern Premier Division,Football,Southern Premier Division,England,Tier 3,Hashtag United,Exeter City,2026-08-23 15:00,"Redbridge Football Club, THE TECHSOC.COM STADIUM",1,1,https://wnl.thefa.com/fixtures
SWPL 1,Football,SWPL 1,Scotland,,Rangers,Spartans,2026-08-23 16:00,Broadwood Stadium,7,0,https://swpl.uk/match-centre/swpl/
SWPL 1,Football,SWPL 1,Scotland,,Motherwell,Hearts,2026-08-23 16:00,The Bumblebee Stadium,0,5,https://swpl.uk/match-centre/swpl/
NWSL,Football,NWSL,USA,,Chicago Stars,Racing Louisville,2026-08-23 19:00,-,3,2,https://en.wikipedia.org/wiki/2026_NWSL_season
NWSL,Football,NWSL,USA,,Washington Spirit,Orlando Pride,2026-08-23 21:00,-,0,1,https://en.wikipedia.org/wiki/2026_NWSL_season
NWSL,Football,NWSL,USA,,Bay FC,Houston Dash,2026-08-23 23:00,-,1,0,https://en.wikipedia.org/wiki/2026_NWSL_season
NWSL,Football,NWSL,USA,,Angel City,Gotham FC,2026-08-24 01:00,-,0,0,https://en.wikipedia.org/wiki/2026_NWSL_season
UEFA Women's Champions League,Football,UWCL,Europe,,Brann,Austria Wien,2026-08-25 17:00,-,2,1,https://en.wikipedia.org/wiki/2026-27_UEFA_Women%27s_Champions_League_qualifying_rounds
The FA WNL Cup,Football,FAWNL Cup,England,,Torquay United,Bridgwater United,2026-08-25 19:45,VX3 Stadium,1,0,https://wnl.thefa.com/fixtures
The FA WNL Cup,Football,FAWNL Cup,England,,Actonians,Fulham,2026-08-25 19:45,Bedfont Sports Club,1,4,https://wnl.thefa.com/fixtures
The FA WNL Cup,Football,FAWNL Cup,England,,Rugby Borough,Leicester City U21,2026-08-25 19:45,Nationwide Windows Arena,10,0,https://wnl.thefa.com/fixtures
The FA WNL Cup,Football,FAWNL Cup,England,,Luton Town,Stevenage,2026-08-25 19:45,-,2,3,https://wnl.thefa.com/fixtures
The FA WNL Cup,Football,FAWNL Cup,England,,Norwich City,Cambridge United,2026-08-25 19:45,The Nest,2,1,https://wnl.thefa.com/fixtures
UEFA Women's Champions League,Football,UWCL,Europe,,VfL Wolfsburg,Inter Milan,2026-08-26 17:00,-,2,0,https://en.wikipedia.org/wiki/2026-27_UEFA_Women%27s_Champions_League_qualifying_rounds
UEFA Women's Champions League,Football,UWCL,Europe,,Sparta Prague,Servette Chênois,2026-08-26 17:30,-,3,2,https://en.wikipedia.org/wiki/2026-27_UEFA_Women%27s_Champions_League_qualifying_rounds
UEFA Women's Champions League,Football,UWCL,Europe,,Eintracht Frankfurt,Paris Saint-Germain,2026-08-26 18:00,-,1,1,https://en.wikipedia.org/wiki/2026-27_UEFA_Women%27s_Champions_League_qualifying_rounds
UEFA Women's Champions League,Football,UWCL,Europe,,Czarni Sosnowiec,OH Leuven,2026-08-26 18:00,-,1,4,https://en.wikipedia.org/wiki/2026-27_UEFA_Women%27s_Champions_League_qualifying_rounds
UEFA Women's Champions League,Football,UWCL,Europe,,PSV Eindhoven,HB Køge,2026-08-26 18:00,-,0,1,https://en.wikipedia.org/wiki/2026-27_UEFA_Women%27s_Champions_League_qualifying_rounds
UEFA Women's Champions League,Football,UWCL,Europe,,Ajax,Real Madrid,2026-08-26 18:30,-,0,2,https://en.wikipedia.org/wiki/2026-27_UEFA_Women%27s_Champions_League_qualifying_rounds
UEFA Women's Champions League,Football,UWCL,Europe,,Chelsea,Real Sociedad,2026-08-26 18:45,-,5,2,https://en.wikipedia.org/wiki/2026-27_UEFA_Women%27s_Champions_League_qualifying_rounds
The FA WNL Cup,Football,FAWNL Cup,England,,Abingdon United,Oxford United,2026-08-26 19:45,Abingdon Untied FC,0,8,https://wnl.thefa.com/fixtures
UEFA Women's Champions League,Football,UWCL,Europe,,St. Pölten,Juventus,2026-08-26 19:45,-,0,3,https://en.wikipedia.org/wiki/2026-27_UEFA_Women%27s_Champions_League_qualifying_rounds
The FA WNL Cup,Football,FAWNL Cup,England,,Lewes,Saltdean United,2026-08-26 19:45,The Dripping Pan,0,0,https://wnl.thefa.com/fixtures
The FA WNL Cup,Football,FAWNL Cup,England,,Bristol Rovers,Keynsham Town,2026-08-26 19:45,Oaklands Park,4,2,https://wnl.thefa.com/fixtures
The FA WNL Cup,Football,FAWNL Cup,England,,Huddersfield Town,Bradford City,2026-08-26 19:45,The Graham Leslie Arena,3,0,https://wnl.thefa.com/fixtures
The FA WNL Cup,Football,FAWNL Cup,England,,Stockport County,Manchester United U21,2026-08-26 19:45,The Ground Up Solutions Stadium,0,4,https://wnl.thefa.com/fixtures
The FA WNL Cup,Football,FAWNL Cup,England,,Real Bedford,Northampton Town,2026-08-26 19:45,The Ledger Stadium,5,1,https://wnl.thefa.com/fixtures
The FA WNL Cup,Football,FAWNL Cup,England,,Blackburn Rovers,Manchester City U21,2026-08-26 19:45,Darwen FC,0,4,https://wnl.thefa.com/fixtures
The FA WNL Cup,Football,FAWNL Cup,England,,Dartford,Crystal Palace U21,2026-08-26 19:45,Princes Park Stadium,4,1,https://wnl.thefa.com/fixtures
The FA WNL Cup,Football,FAWNL Cup,England,,Chatham Town,London City Lionesses U21,2026-08-26 19:45,The Bauvill Stadium,3,0,https://wnl.thefa.com/fixtures
The FA WNL Cup,Football,FAWNL Cup,England,,Marine Academy Plymouth,Plymouth Argyle,2026-08-26 19:45,Erme Valley,1,2,https://wnl.thefa.com/fixtures
The FA WNL Cup,Football,FAWNL Cup,England,,Hashtag United,Billericay Town,2026-08-26 19:45,"Redbridge Football Club, THE TECHSOC.COM STADIUM",3,0,https://wnl.thefa.com/fixtures
The FA WNL Cup,Football,FAWNL Cup,England,,Portsmouth,Brighton & Hove Albion U21,2026-08-26 19:45,The John Jenkins Stadium,2,0,https://wnl.thefa.com/fixtures
The FA WNL Cup,Football,FAWNL Cup,England,,Bournemouth Sports,Southampton U21,2026-08-26 19:45,Chapel Gate. AGP Pitch,3,4,https://wnl.thefa.com/fixtures
The FA WNL Cup,Football,FAWNL Cup,England,,Maidenhead United,Swindon Town,2026-08-26 19:45,Maidenhead Utd FC,2,5,https://wnl.thefa.com/fixtures
The FA WNL Cup,Football,FAWNL Cup,England,,Worcester City Women,Kidderminster Harriers,2026-08-26 19:45,Sixways Stadium,0,1,https://wnl.thefa.com/fixtures
The FA WNL Cup,Football,FAWNL Cup,England,,Exeter City,Bristol City U21,2026-08-26 19:45,Devon County FA (Coach Road),4,3,https://wnl.thefa.com/fixtures
The FA WNL Cup,Football,FAWNL Cup,England,,Derby County,Barnsley Women,2026-08-26 19:45,Mickleover FC,4,1,https://wnl.thefa.com/fixtures
The FA WNL Cup,Football,FAWNL Cup,England,,Sporting Khalsa,Lye Town,2026-08-26 20:00,"Sporting Khalsa FC, The Guardian Warehousing Arena",3,0,https://wnl.thefa.com/fixtures
NWSL,Football,NWSL,USA,,North Carolina Courage,Angel City,2026-08-27 01:00,-,2,0,https://en.wikipedia.org/wiki/2026_NWSL_season
The FA WNL Cup,Football,FAWNL Cup,England,,Wycombe Wanderers,Chelsea U21,2026-08-27 19:45,The 1878 Stadium,0,6,https://wnl.thefa.com/fixtures
The FA WNL Cup,Football,FAWNL Cup,England,,Cheltenham Town,Gwalia United,2026-08-27 19:45,Bishops Cleeve FC,1,1,https://wnl.thefa.com/fixtures
The FA WNL Cup,Football,FAWNL Cup,England,,Chester Le Street Town,Sunderland U21,2026-08-27 19:45,Moor Park,3,3,https://wnl.thefa.com/fixtures
The FA WNL Cup,Football,FAWNL Cup,England,,Peterborough United,Notts County,2026-08-27 19:45,Pims Park,6,0,https://wnl.thefa.com/fixtures
The FA WNL Cup,Football,FAWNL Cup,England,,Durham Cestria,Middlesbrough,2026-08-27 19:45,Shildon AFC,0,0,https://wnl.thefa.com/fixtures
The FA WNL Cup,Football,FAWNL Cup,England,,Thornaby,Norton & Stockton Ancients,2026-08-27 19:45,"Thornaby Football Club, Teesdale Park",1,7,https://wnl.thefa.com/fixtures
The FA WNL Cup,Football,FAWNL Cup,England,,Halifax,Leeds United,2026-08-27 19:45,Myra Shay,2,3,https://wnl.thefa.com/fixtures
The FA WNL Cup,Football,FAWNL Cup,England,,AFC Fylde,Liverpool U21,2026-08-27 19:45,Kellamergh Park,3,2,https://wnl.thefa.com/fixtures
The FA WNL Cup,Football,FAWNL Cup,England,,London Bees,Tottenham Hotspur U21,2026-08-27 19:45,London Bees Stadium,1,7,https://wnl.thefa.com/fixtures
The FA WNL Cup,Football,FAWNL Cup,England,,Wythenshawe,Stoke City,2026-08-27 19:45,Avensure Community Stadium,0,3,https://wnl.thefa.com/fixtures
The FA WNL Cup,Football,FAWNL Cup,England,,Moneyfields,AFC Bournemouth,2026-08-27 20:00,The John Jenkins Stadium,3,1,https://wnl.thefa.com/fixtures
The FA WNL Cup,Football,FAWNL Cup,England,,Sheffield FC,Sheffield United U21,2026-08-27 20:00,The Steel City Stadium,1,2,https://wnl.thefa.com/fixtures
NWSL,Football,NWSL,USA,,Gotham FC,Portland Thorns,2026-08-29 01:00,-,1,1,https://en.wikipedia.org/wiki/2026_NWSL_season
NWSL,Football,NWSL,USA,,San Diego Wave,Racing Louisville,2026-08-29 03:00,-,3,2,https://en.wikipedia.org/wiki/2026_NWSL_season
England Women U20 - Friendly,Football,England Women U20,England,,England,New Caledonia,2026-08-29 13:00,-,11,0,https://www.englandfootball.com/england/youth/Womens-U20
NWSL,Football,NWSL,USA,,Kansas City Current,North Carolina Courage,2026-08-29 23:30,-,3,2,https://en.wikipedia.org/wiki/2026_NWSL_season
NWSL,Football,NWSL,USA,,Orlando Pride,Utah Royals,2026-08-30 00:00,-,1,2,https://en.wikipedia.org/wiki/2026_NWSL_season
NWSL,Football,NWSL,USA,,Denver Summit,Chicago Stars,2026-08-30 01:45,-,6,1,https://en.wikipedia.org/wiki/2026_NWSL_season
SWPL 1,Football,SWPL 1,Scotland,,Montrose,Motherwell,2026-08-30 13:00,Links Park,1,3,https://swpl.uk/match-centre/swpl/
SWPL 1,Football,SWPL 1,Scotland,,Aberdeen,Partick Thistle,2026-08-30 13:00,Balmoral Stadium,0,3,https://swpl.uk/match-centre/swpl/
SWPL 1,Football,SWPL 1,Scotland,,Celtic,Hibernian,2026-08-30 13:00,Kirkintilloch Community Sports Complex,2,0,https://swpl.uk/match-centre/swpl/
SWPL 1,Football,SWPL 1,Scotland,,Glasgow City,Spartans,2026-08-30 13:00,Petershill Park,7,0,https://swpl.uk/match-centre/swpl/
Division 1 South East,Football,Division 1 South East,England,Tier 4,Saltdean United,London Bees,2026-08-30 14:00,Hill Park Stadium,1,4,https://wnl.thefa.com/fixtures
Division 1 South East,Football,Division 1 South East,England,Tier 4,Billericay Town,Actonians,2026-08-30 14:00,Billericay Town FC,1,6,https://wnl.thefa.com/fixtures
Southern Premier Division,Football,Southern Premier Division,England,Tier 3,AFC Bournemouth,Hashtag United,2026-08-30 14:00,Bob Lucas Stadium,4,1,https://wnl.thefa.com/fixtures
Southern Premier Division,Football,Southern Premier Division,England,Tier 3,Exeter City,Lewes,2026-08-30 14:00,Devon County FA (Coach Road),3,1,https://wnl.thefa.com/fixtures
Northern Premier Division,Football,Northern Premier Division,England,Tier 3,Boldmere St Michaels,Huddersfield Town,2026-08-30 14:00,The Amber Arena and Community Stadium,2,4,https://wnl.thefa.com/fixtures
Division 1 North,Football,Division 1 North,England,Tier 4,AFC Fylde,Durham Cestria,2026-08-30 14:00,Kellamergh Park,5,0,https://wnl.thefa.com/fixtures
Southern Premier Division,Football,Southern Premier Division,England,Tier 3,Fulham,Plymouth Argyle,2026-08-30 14:00,Fulham FC Training Ground - Arena Pitch,5,0,https://wnl.thefa.com/fixtures
Division 1 Midlands,Football,Division 1 Midlands,England,Tier 4,Worcester City Women,Sutton Coldfield Town,2026-08-30 14:00,Sixways Stadium,3,0,https://wnl.thefa.com/fixtures
Division 1 Midlands,Football,Division 1 Midlands,England,Tier 4,Sporting Khalsa,Sheffield FC,2026-08-30 14:00,"Sporting Khalsa FC, The Guardian Warehousing Arena",8,0,https://wnl.thefa.com/fixtures
Division 1 South West,Football,Division 1 South West,England,Tier 4,Moneyfields,Marine Academy Plymouth,2026-08-30 14:00,The John Jenkins Stadium,4,0,https://wnl.thefa.com/fixtures
Division 1 Midlands,Football,Division 1 Midlands,England,Tier 4,Northampton Town,Notts County,2026-08-30 14:00,O'riordan Bond Stadium,0,1,https://wnl.thefa.com/fixtures
Division 1 South West,Football,Division 1 South West,England,Tier 4,Bristol Rovers,Maidenhead United,2026-08-30 14:00,Oaklands Park,0,2,https://wnl.thefa.com/fixtures
Division 1 Midlands,Football,Division 1 Midlands,England,Tier 4,Leafield Athletic,Chesterfield,2026-08-30 14:00,Castle Vale Stadium,1,0,https://wnl.thefa.com/fixtures
Northern Premier Division,Football,Northern Premier Division,England,Tier 3,Derby County,Middlesbrough,2026-08-30 14:00,Mickleover FC,1,0,https://wnl.thefa.com/fixtures
Division 1 North,Football,Division 1 North,England,Tier 4,York City,Norton & Stockton Ancients,2026-08-30 14:00,York Sport Stadium,1,0,https://wnl.thefa.com/fixtures
Division 1 Midlands,Football,Division 1 Midlands,England,Tier 4,Kidderminster Harriers,Wythenshawe,2026-08-30 14:00,Droitwich Spa Football Club,2,1,https://wnl.thefa.com/fixtures
Division 1 South West,Football,Division 1 South West,England,Tier 4,Bournemouth Sports,Wycombe Wanderers,2026-08-30 14:00,Chapel Gate. AGP Pitch,2,3,https://wnl.thefa.com/fixtures
Division 1 North,Football,Division 1 North,England,Tier 4,Thornaby,Chester Le Street Town,2026-08-30 14:00,"Thornaby Football Club, Teesdale Park",3,1,https://wnl.thefa.com/fixtures
Division 1 Midlands,Football,Division 1 Midlands,England,Tier 4,Barnsley Women,Lye Town,2026-08-30 14:00,The Steel City Stadium,2,1,https://wnl.thefa.com/fixtures
Division 1 South West,Football,Division 1 South West,England,Tier 4,Abingdon United,Keynsham Town,2026-08-30 14:00,Abingdon Untied FC,3,2,https://wnl.thefa.com/fixtures
Division 1 North,Football,Division 1 North,England,Tier 4,Stockport County,Halifax,2026-08-30 14:00,The Ground Up Solutions Stadium,3,5,https://wnl.thefa.com/fixtures
Division 1 South East,Football,Division 1 South East,England,Tier 4,Milton Keynes Dons,Queens Park Rangers,2026-08-30 14:00,Stadium MK,0,1,https://wnl.thefa.com/fixtures
Division 1 South West,Football,Division 1 South West,England,Tier 4,Bridgwater United,Ascot United,2026-08-30 14:00,The Ethan Berry Pavilion,6,0,https://wnl.thefa.com/fixtures
Southern Premier Division,Football,Southern Premier Division,England,Tier 3,Real Bedford,Swindon Town,2026-08-30 14:00,The Ledger Stadium,2,1,https://wnl.thefa.com/fixtures
Division 1 South East,Football,Division 1 South East,England,Tier 4,Dartford,Luton Town,2026-08-30 14:00,Princes Park Stadium,1,1,https://wnl.thefa.com/fixtures
Northern Premier Division,Football,Northern Premier Division,England,Tier 3,Loughborough Lightning,Stoke City,2026-08-30 14:00,Loughborough University Stadium,1,0,https://wnl.thefa.com/fixtures
Division 1 South East,Football,Division 1 South East,England,Tier 4,Cambridge United,Dulwich Hamlet,2026-08-30 14:00,The Grange Road Stadium,3,2,https://wnl.thefa.com/fixtures
Division 1 North,Football,Division 1 North,England,Tier 4,Chorley,Leeds United,2026-08-30 14:00,Euxton Villa FC,0,5,https://wnl.thefa.com/fixtures
Division 1 North,Football,Division 1 North,England,Tier 4,Blackburn Rovers,Bradford City,2026-08-30 14:00,Darwen FC,0,4,https://wnl.thefa.com/fixtures
Southern Premier Division,Football,Southern Premier Division,England,Tier 3,Oxford United,Cheltenham Town,2026-08-30 14:00,The MGroup Stadium,5,0,https://wnl.thefa.com/fixtures
Northern Premier Division,Football,Northern Premier Division,England,Tier 3,Hull City,Liverpool Feds,2026-08-30 14:00,Versa Sportswear Stadium,1,4,https://wnl.thefa.com/fixtures
Division 1 South East,Football,Division 1 South East,England,Tier 4,Stevenage,Chatham Town,2026-08-30 15:00,Herts County Ground,0,0,https://wnl.thefa.com/fixtures
Northern Premier Division,Football,Northern Premier Division,England,Tier 3,West Bromwich Albion,Peterborough United,2026-08-30 15:00,Valley Stadium,3,1,https://wnl.thefa.com/fixtures
Northern Premier Division,Football,Northern Premier Division,England,Tier 3,Rugby Borough,Norwich City,2026-08-30 15:00,Nationwide Windows Arena,1,0,https://wnl.thefa.com/fixtures
SWPL 1,Football,SWPL 1,Scotland,,Hearts,Rangers,2026-08-30 16:10,The Vanloq Community Stadium,0,3,https://swpl.uk/match-centre/swpl/
NWSL,Football,NWSL,USA,,Washington Spirit,Bay FC,2026-08-30 17:30,-,1,0,https://en.wikipedia.org/wiki/2026_NWSL_season
NWSL,Football,NWSL,USA,,Seattle Reign,Houston Dash,2026-08-31 00:00,-,1,0,https://en.wikipedia.org/wiki/2026_NWSL_season
NWSL,Football,NWSL,USA,,Boston Legacy,Angel City,2026-09-01 01:00,-,2,5,https://en.wikipedia.org/wiki/2026_NWSL_season
UEFA Women's Champions League,Football,UWCL,Europe,,Austria Wien,Brann,2026-09-01 17:00,-,4,0,https://en.wikipedia.org/wiki/2026-27_UEFA_Women%27s_Champions_League_qualifying_rounds
The FA WNL Cup,Football,FAWNL Cup,England,,Ascot United,Queens Park Rangers,2026-09-01 19:45,Ascot United FC,0,4,https://wnl.thefa.com/fixtures
UEFA Women's Champions League,Football,UWCL,Europe,,Paris Saint-Germain,Eintracht Frankfurt,2026-09-02 17:30,-,5,1,https://en.wikipedia.org/wiki/2026-27_UEFA_Women%27s_Champions_League_qualifying_rounds
UEFA Women's Champions League,Football,UWCL,Europe,,Inter Milan,VfL Wolfsburg,2026-09-02 17:30,-,3,1,https://en.wikipedia.org/wiki/2026-27_UEFA_Women%27s_Champions_League_qualifying_rounds
UEFA Women's Champions League,Football,UWCL,Europe,,Servette Chênois,Sparta Prague,2026-09-02 17:45,-,3,0,https://en.wikipedia.org/wiki/2026-27_UEFA_Women%27s_Champions_League_qualifying_rounds
UEFA Women's Champions League,Football,UWCL,Europe,,Real Sociedad,Chelsea,2026-09-02 18:00,-,0,1,https://en.wikipedia.org/wiki/2026-27_UEFA_Women%27s_Champions_League_qualifying_rounds
UEFA Women's Champions League,Football,UWCL,Europe,,HB Køge,PSV Eindhoven,2026-09-02 18:00,-,1,1,https://en.wikipedia.org/wiki/2026-27_UEFA_Women%27s_Champions_League_qualifying_rounds
UEFA Women's Champions League,Football,UWCL,Europe,,OH Leuven,Czarni Sosnowiec,2026-09-02 19:00,-,2,1,https://en.wikipedia.org/wiki/2026-27_UEFA_Women%27s_Champions_League_qualifying_rounds
UEFA Women's Champions League,Football,UWCL,Europe,,Real Madrid,Ajax,2026-09-02 19:00,-,2,1,https://en.wikipedia.org/wiki/2026-27_UEFA_Women%27s_Champions_League_qualifying_rounds
UEFA Women's Champions League,Football,UWCL,Europe,,Juventus,St. Pölten,2026-09-02 19:30,-,1,1,https://en.wikipedia.org/wiki/2026-27_UEFA_Women%27s_Champions_League_qualifying_rounds
Barclays WSL,Football,WSL,England,Tier 1,London City Lionesses,Manchester United,2026-09-04 19:00,-,2,1,https://en.wikipedia.org/wiki/2026%E2%80%9327_Women%27s_Super_League
Barclays WSL2,Football,WSL2,England,Tier 2,Watford,Burnley,2026-09-04 19:30,-,0,0,https://en.wikipedia.org/wiki/2026%E2%80%9327_Women%27s_Super_League_2
SWPL 1,Football,SWPL 1,Scotland,,Hibernian,Glasgow City,2026-09-04 19:35,Meadowbank Stadium,2,2,https://swpl.uk/match-centre/swpl/
NWSL,Football,NWSL,USA,,Utah Royals,Boston Legacy,2026-09-05 02:30,-,1,2,https://en.wikipedia.org/wiki/2026_NWSL_season
NWSL,Football,NWSL,USA,,Bay FC,Kansas City Current,2026-09-05 03:00,-,1,2,https://en.wikipedia.org/wiki/2026_NWSL_season
England Women U20 - FIFA U20 Women's World Cup,Football,England Women U20,England,,Canada,England,2026-09-05 17:00,Stadion Miejski,1,1,https://www.englandfootball.com/england/youth/Womens-U20
NWSL,Football,NWSL,USA,,Racing Louisville,Angel City,2026-09-05 23:30,-,0,2,https://en.wikipedia.org/wiki/2026_NWSL_season
Barclays WSL2,Football,WSL2,England,Tier 2,Durham,Southampton,2026-09-06 12:00,-,1,3,https://en.wikipedia.org/wiki/2026%E2%80%9327_Women%27s_Super_League_2
Barclays WSL,Football,WSL,England,Tier 1,Tottenham Hotspur,West Ham United,2026-09-06 12:00,-,3,1,https://en.wikipedia.org/wiki/2026%E2%80%9327_Women%27s_Super_League
SWPL 1,Football,SWPL 1,Scotland,,Montrose,Hearts,2026-09-06 13:00,Links Park,0,7,https://swpl.uk/match-centre/swpl/
SWPL 1,Football,SWPL 1,Scotland,,Partick Thistle,Celtic,2026-09-06 13:00,Petershill Park,2,3,https://swpl.uk/match-centre/swpl/
SWPL 1,Football,SWPL 1,Scotland,,Spartans,Aberdeen,2026-09-06 13:00,The Vanloq Community Stadium,3,1,https://swpl.uk/match-centre/swpl/
The FA WNL Cup,Football,FAWNL Cup,England,,Luton Town,Norwich City,2026-09-06 14:00,Barton Rovers FC,1,2,https://wnl.thefa.com/fixtures
The FA WNL Cup,Football,FAWNL Cup,England,,Saltdean United,Portsmouth,2026-09-06 14:00,Hill Park Stadium,1,3,https://wnl.thefa.com/fixtures
The FA WNL Cup,Football,FAWNL Cup,England,,Queens Park Rangers,Fulham,2026-09-06 14:00,The SkyEx Community Stadium,2,0,https://wnl.thefa.com/fixtures
The FA WNL Cup,Football,FAWNL Cup,England,,Billericay Town,London City Lionesses U21,2026-09-06 14:00,Billericay Town FC,1,1,https://wnl.thefa.com/fixtures
The FA WNL Cup,Football,FAWNL Cup,England,,Lewes,Brighton & Hove Albion U21,2026-09-06 14:00,The Dripping Pan,4,0,https://wnl.thefa.com/fixtures
The FA WNL Cup,Football,FAWNL Cup,England,,AFC Bournemouth,Bournemouth Sports,2026-09-06 14:00,Bob Lucas Stadium,11,1,https://wnl.thefa.com/fixtures
The FA WNL Cup,Football,FAWNL Cup,England,,Cheltenham Town,Worcester City Women,2026-09-06 14:00,Bishops Cleeve FC,4,3,https://wnl.thefa.com/fixtures
The FA WNL Cup,Football,FAWNL Cup,England,,Wycombe Wanderers,Maidenhead United,2026-09-06 14:00,The 1878 Stadium,1,4,https://wnl.thefa.com/fixtures
The FA WNL Cup,Football,FAWNL Cup,England,,Swindon Town,Chelsea U21,2026-09-06 14:00,Swindon Supermarine Football Club,1,2,https://wnl.thefa.com/fixtures
The FA WNL Cup,Football,FAWNL Cup,England,,Gwalia United,Kidderminster Harriers,2026-09-06 14:00,University of South Wales Sports Park,0,1,https://wnl.thefa.com/fixtures
The FA WNL Cup,Football,FAWNL Cup,England,,Keynsham Town,Bristol City U21,2026-09-06 14:00,The AJN Stadium,2,5,https://wnl.thefa.com/fixtures
The FA WNL Cup,Football,FAWNL Cup,England,,Exeter City,Bristol Rovers,2026-09-06 14:00,Devon County FA (Coach Road),4,3,https://wnl.thefa.com/fixtures
The FA WNL Cup,Football,FAWNL Cup,England,,Marine Academy Plymouth,Torquay United,2026-09-06 14:00,Erme Valley,1,1,https://wnl.thefa.com/fixtures
The FA WNL Cup,Football,FAWNL Cup,England,,Bridgwater United,Plymouth Argyle,2026-09-06 14:00,The Ethan Berry Pavilion,2,0,https://wnl.thefa.com/fixtures
The FA WNL Cup,Football,FAWNL Cup,England,,Moneyfields,Southampton U21,2026-09-06 14:00,The John Jenkins Stadium,1,0,https://wnl.thefa.com/fixtures
The FA WNL Cup,Football,FAWNL Cup,England,,Dulwich Hamlet,Dartford,2026-09-06 14:00,Champion Hill Stadium,2,0,https://wnl.thefa.com/fixtures
Barclays WSL,Football,WSL,England,Tier 1,Charlton Athletic,Liverpool,2026-09-06 14:00,-,0,4,https://en.wikipedia.org/wiki/2026%E2%80%9327_Women%27s_Super_League
The FA WNL Cup,Football,FAWNL Cup,England,,Oxford United,Milton Keynes Dons,2026-09-06 14:00,The MGroup Stadium,5,0,https://wnl.thefa.com/fixtures
Barclays WSL2,Football,WSL2,England,Tier 2,Newcastle United,Wolverhampton Wanderers,2026-09-06 14:00,-,2,0,https://en.wikipedia.org/wiki/2026%E2%80%9327_Women%27s_Super_League_2
Barclays WSL2,Football,WSL2,England,Tier 2,Sheffield United,Leicester City,2026-09-06 14:00,-,0,1,https://en.wikipedia.org/wiki/2026%E2%80%9327_Women%27s_Super_League_2
Barclays WSL,Football,WSL,England,Tier 1,Crystal Palace,Everton,2026-09-06 14:00,-,1,0,https://en.wikipedia.org/wiki/2026%E2%80%9327_Women%27s_Super_League
Barclays WSL2,Football,WSL2,England,Tier 2,Sunderland,Bristol City,2026-09-06 14:00,-,4,1,https://en.wikipedia.org/wiki/2026%E2%80%9327_Women%27s_Super_League_2
The FA WNL Cup,Football,FAWNL Cup,England,,Chester Le Street Town,Durham Cestria,2026-09-06 14:00,Moor Park,2,1,https://wnl.thefa.com/fixtures
The FA WNL Cup,Football,FAWNL Cup,England,,Middlesbrough,Sunderland U21,2026-09-06 14:00,Stockton Town FC,5,0,https://wnl.thefa.com/fixtures
The FA WNL Cup,Football,FAWNL Cup,England,,Norton & Stockton Ancients,York City,2026-09-06 14:00,Norton Sports Complex,4,2,https://wnl.thefa.com/fixtures
The FA WNL Cup,Football,FAWNL Cup,England,,Hull City,Thornaby,2026-09-06 14:00,Victoria Pleasure Ground,2,1,https://wnl.thefa.com/fixtures
Adran Premier,Football,Adran Premier,Wales,,Wrexham,Aberystwyth Town,2026-09-06 14:00,The Rock,4,0,https://faw.cymru/adran-leagues/adran-premier/fixtures-and-results/
The FA WNL Cup,Football,FAWNL Cup,England,,Abingdon United,Arsenal U21,2026-09-06 14:00,Abingdon Untied FC,0,7,https://wnl.thefa.com/fixtures
The FA WNL Cup,Football,FAWNL Cup,England,,Bradford City,Halifax,2026-09-06 14:00,Cougar Park,0,3,https://wnl.thefa.com/fixtures
Barclays WSL2,Football,WSL2,England,Tier 2,Ipswich Town,Nottingham Forest,2026-09-06 14:00,-,1,1,https://en.wikipedia.org/wiki/2026%E2%80%9327_Women%27s_Super_League_2
The FA WNL Cup,Football,FAWNL Cup,England,,Leeds United,Huddersfield Town,2026-09-06 14:00,Garforth Town FC,3,0,https://wnl.thefa.com/fixtures
The FA WNL Cup,Football,FAWNL Cup,England,,Stockport County,Barnsley Women,2026-09-06 14:00,The Ground Up Solutions Stadium,2,0,https://wnl.thefa.com/fixtures
Adran Premier,Football,Adran Premier,Wales,,Cardiff Met,The New Saints,2026-09-06 14:00,Cyncoed Stadium,0,2,https://faw.cymru/adran-leagues/adran-premier/fixtures-and-results/
The FA WNL Cup,Football,FAWNL Cup,England,,Derby County,Manchester United U21,2026-09-06 14:00,Mickleover FC,1,1,https://wnl.thefa.com/fixtures
The FA WNL Cup,Football,FAWNL Cup,England,,Sheffield FC,Loughborough Lightning,2026-09-06 14:00,Loughborough University Stadium,0,8,https://wnl.thefa.com/fixtures
The FA WNL Cup,Football,FAWNL Cup,England,,AFC Fylde,Liverpool Feds,2026-09-06 14:00,Kellamergh Park,0,1,https://wnl.thefa.com/fixtures
The FA WNL Cup,Football,FAWNL Cup,England,,Notts County,Leicester City U21,2026-09-06 14:00,Carlton Town FC,8,2,https://wnl.thefa.com/fixtures
The FA WNL Cup,Football,FAWNL Cup,England,,Boldmere St Michaels,Aston Villa U21,2026-09-06 14:00,The Amber Arena and Community Stadium,2,1,https://wnl.thefa.com/fixtures
The FA WNL Cup,Football,FAWNL Cup,England,,Chorley,Liverpool U21,2026-09-06 14:00,Euxton Villa FC,2,0,https://wnl.thefa.com/fixtures
The FA WNL Cup,Football,FAWNL Cup,England,,Sutton Coldfield Town,Leafield Athletic,2026-09-06 14:00,The Domino’s Arena,1,2,https://wnl.thefa.com/fixtures
The FA WNL Cup,Football,FAWNL Cup,England,,Sporting Khalsa,Birmingham City U21,2026-09-06 14:00,"Sporting Khalsa FC, The Guardian Warehousing Arena",2,0,https://wnl.thefa.com/fixtures
The FA WNL Cup,Football,FAWNL Cup,England,,London Bees,Real Bedford,2026-09-06 14:00,London Bees Stadium,0,4,https://wnl.thefa.com/fixtures
Adran Premier,Football,Adran Premier,Wales,,Barry Town Utd,Briton Ferry Llansawel,2026-09-06 14:00,Jenner Park Stadium,1,4,https://faw.cymru/adran-leagues/adran-premier/fixtures-and-results/
The FA WNL Cup,Football,FAWNL Cup,England,,Northampton Town,Tottenham Hotspur U21,2026-09-06 14:00,Sixfields Stadium,0,1,https://wnl.thefa.com/fixtures
The FA WNL Cup,Football,FAWNL Cup,England,,Stoke City,Blackburn Rovers,2026-09-06 14:00,Wellbeing Park,9,0,https://wnl.thefa.com/fixtures
The FA WNL Cup,Football,FAWNL Cup,England,,Wythenshawe,Manchester City U21,2026-09-06 14:00,Avensure Community Stadium,3,3,https://wnl.thefa.com/fixtures
The FA WNL Cup,Football,FAWNL Cup,England,,Lye Town,West Bromwich Albion,2026-09-06 14:00,Lye Town,2,6,https://wnl.thefa.com/fixtures
Barclays WSL,Football,WSL,England,Tier 1,Manchester City,Birmingham City,2026-09-06 14:30,-,3,1,https://en.wikipedia.org/wiki/2026%E2%80%9327_Women%27s_Super_League
The FA WNL Cup,Football,FAWNL Cup,England,,Chatham Town,Hashtag United,2026-09-06 14:30,The Bauvill Stadium,1,2,https://wnl.thefa.com/fixtures
The FA WNL Cup,Football,FAWNL Cup,England,,Rugby Borough,Peterborough United,2026-09-06 15:00,Nationwide Windows Arena,7,0,https://wnl.thefa.com/fixtures
The FA WNL Cup,Football,FAWNL Cup,England,,Chesterfield,Sheffield United U21,2026-09-06 15:00,SMH Group Stadium,3,1,https://wnl.thefa.com/fixtures
The FA WNL Cup,Football,FAWNL Cup,England,,Actonians,Ascot United,2026-09-06 15:00,Bedfont Sports Club,13,1,https://wnl.thefa.com/fixtures
The FA WNL Cup,Football,FAWNL Cup,England,,Stevenage,Cambridge United,2026-09-06 15:00,Herts County Ground,5,0,https://wnl.thefa.com/fixtures
SWPL 1,Football,SWPL 1,Scotland,,Motherwell,Rangers,2026-09-06 16:00,The Bumblebee Stadium,0,3,https://swpl.uk/match-centre/swpl/
Adran Premier,Football,Adran Premier,Wales,,Swansea City,Cardiff City,2026-09-06 17:15,Garden Village Park,3,1,https://faw.cymru/adran-leagues/adran-premier/fixtures-and-results/
NWSL,Football,NWSL,USA,,Denver Summit,Gotham FC,2026-09-06 19:00,-,3,0,https://en.wikipedia.org/wiki/2026_NWSL_season
NWSL,Football,NWSL,USA,,Chicago Stars,North Carolina Courage,2026-09-06 21:00,-,0,6,https://en.wikipedia.org/wiki/2026_NWSL_season
NWSL,Football,NWSL,USA,,Portland Thorns,Washington Spirit,2026-09-06 21:00,-,1,2,https://en.wikipedia.org/wiki/2026_NWSL_season
NWSL,Football,NWSL,USA,,Orlando Pride,Houston Dash,2026-09-07 00:00,-,3,1,https://en.wikipedia.org/wiki/2026_NWSL_season
NWSL,Football,NWSL,USA,,Seattle Reign,San Diego Wave,2026-09-07 02:00,-,1,0,https://en.wikipedia.org/wiki/2026_NWSL_season
